id_x,department_code,municipal_code,latitude_municipal,longitude_municipal,id_y,latitude_departament,longitude_department
1,5,1,6.257590259,-75.61103107,5,6.702032125,-75.50455704
2,5,2,5.803728154,-75.43847353,5,6.702032125,-75.50455704
3,5,4,6.627569378,-76.08597756,5,6.702032125,-75.50455704
4,5,21,6.365534125,-75.09059702,5,6.702032125,-75.50455704
5,5,30,6.032921994,-75.7080031,5,6.702032125,-75.50455704
6,5,31,6.977788843,-74.9812393,5,6.702032125,-75.50455704
7,5,34,5.604993248,-75.94128391,5,6.702032125,-75.50455704
8,5,36,6.121430303,-75.71594966,5,6.702032125,-75.50455704
9,5,38,6.861498764,-75.358316,5,6.702032125,-75.50455704
10,5,40,7.193110778,-75.10848954,5,6.702032125,-75.50455704
11,5,42,6.535711576,-75.90426658,5,6.702032125,-75.50455704
12,5,44,6.293546613,-75.91736927,5,6.702032125,-75.50455704
13,5,45,7.86047815,-76.58236264,5,6.702032125,-75.50455704
14,5,51,8.611395262,-76.41478317,5,6.702032125,-75.50455704
15,5,55,5.708114524,-75.09469795,5,6.702032125,-75.50455704
16,5,59,6.163683758,-75.80995528,5,6.702032125,-75.50455704
17,5,79,6.443417935,-75.32924085,5,6.702032125,-75.50455704
18,5,86,6.665853953,-75.68621659,5,6.702032125,-75.50455704
19,5,88,6.358841086,-75.58973588,5,6.702032125,-75.50455704
20,5,91,5.727081285,-75.98689107,5,6.702032125,-75.50455704
21,5,93,6.185783612,-75.95649246,5,6.702032125,-75.50455704
22,5,101,5.840995666,-76.01065253,5,6.702032125,-75.50455704
23,5,107,7.111788462,-75.56223474,5,6.702032125,-75.50455704
24,5,113,6.80906489,-75.91206595,5,6.702032125,-75.50455704
25,5,120,7.665155105,-75.22369744,5,6.702032125,-75.50455704
26,5,125,6.423463639,-75.99351498,5,6.702032125,-75.50455704
27,5,129,6.054446841,-75.62642674,5,6.702032125,-75.50455704
28,5,134,7.036017478,-75.28766178,5,6.702032125,-75.50455704
29,5,138,6.814950023,-76.02689632,5,6.702032125,-75.50455704
30,5,142,6.33797388,-74.73354817,5,6.702032125,-75.50455704
31,5,145,5.555275296,-75.63082096,5,6.702032125,-75.50455704
32,5,147,7.757967437,-76.64374657,5,6.702032125,-75.50455704
33,5,148,5.978078841,-75.2635361,5,6.702032125,-75.50455704
34,5,150,6.754821442,-75.30590654,5,6.702032125,-75.50455704
35,5,154,7.867941792,-75.03501824,5,6.702032125,-75.50455704
36,5,172,7.631665644,-76.63964213,5,6.702032125,-75.50455704
37,5,190,6.550065431,-75.08254116,5,6.702032125,-75.50455704
38,5,197,6.005593074,-75.16015403,5,6.702032125,-75.50455704
39,5,206,6.376106187,-75.21785901,5,6.702032125,-75.50455704
40,5,209,6.057468678,-75.90014678,5,6.702032125,-75.50455704
41,5,212,6.351882893,-75.50075633,5,6.702032125,-75.50455704
42,5,234,6.992243782,-76.31426328,5,6.702032125,-75.50455704
43,5,237,6.492403905,-75.42227687,5,6.702032125,-75.50455704
44,5,240,6.326444922,-75.78331175,5,6.702032125,-75.50455704
45,5,250,7.704633351,-74.66427726,5,6.702032125,-75.50455704
46,5,264,6.594656004,-75.55913083,5,6.702032125,-75.50455704
47,5,266,6.154394922,-75.54686779,5,6.702032125,-75.50455704
48,5,282,5.887702934,-75.67926242,5,6.702032125,-75.50455704
49,5,284,6.691364773,-76.33199656,5,6.702032125,-75.50455704
50,5,306,6.663095863,-75.94804663,5,6.702032125,-75.50455704
51,5,308,6.379745895,-75.44795744,5,6.702032125,-75.50455704
52,5,310,6.709562839,-75.19270291,5,6.702032125,-75.50455704
53,5,313,6.123380721,-75.12763646,5,6.702032125,-75.50455704
54,5,315,6.861576325,-75.22591303,5,6.702032125,-75.50455704
55,5,318,6.266625703,-75.43730801,5,6.702032125,-75.50455704
56,5,321,6.236329826,-75.15651272,5,6.702032125,-75.50455704
57,5,347,6.214511788,-75.74971002,5,6.702032125,-75.50455704
58,5,353,5.797039002,-75.90669203,5,6.702032125,-75.50455704
59,5,360,6.179279438,-75.6142037,5,6.702032125,-75.50455704
60,5,361,7.341549718,-75.67842277,5,6.702032125,-75.50455704
61,5,364,5.574444339,-75.81842575,5,6.702032125,-75.50455704
62,5,368,5.769820536,-75.76488256,5,6.702032125,-75.50455704
63,5,376,5.992524843,-75.43086935,5,6.702032125,-75.50455704
64,5,380,6.137595883,-75.64895499,5,6.702032125,-75.50455704
65,5,390,5.746583958,-75.60220206,5,6.702032125,-75.50455704
66,5,400,5.940434685,-75.35429023,5,6.702032125,-75.50455704
67,5,411,6.723990935,-75.78300046,5,6.702032125,-75.50455704
68,5,425,6.534573585,-74.71410854,5,6.702032125,-75.50455704
69,5,440,6.18520515,-75.30487933,5,6.702032125,-75.50455704
70,5,467,5.916853903,-75.51972693,5,6.702032125,-75.50455704
71,5,475,6.828773855,-76.70861349,5,6.702032125,-75.50455704
72,5,480,7.329557848,-76.4630657,5,6.702032125,-75.50455704
73,5,483,5.581275312,-75.19457019,5,6.702032125,-75.50455704
74,5,490,8.493728551,-76.67699588,5,6.702032125,-75.50455704
75,5,495,7.983477394,-74.65844186,5,6.702032125,-75.50455704
76,5,501,6.611418083,-75.77567097,5,6.702032125,-75.50455704
77,5,541,6.232396368,-75.22350906,5,6.702032125,-75.50455704
78,5,543,7.044180058,-75.88968843,5,6.702032125,-75.50455704
79,5,576,5.80970186,-75.86076667,5,6.702032125,-75.50455704
80,5,579,6.481922267,-74.5287421,5,6.702032125,-75.50455704
81,5,585,6.126539139,-74.70317722,5,6.702032125,-75.50455704
82,5,591,5.954830151,-74.6861918,5,6.702032125,-75.50455704
83,5,604,6.997267375,-74.55865652,5,6.702032125,-75.50455704
84,5,607,6.053444254,-75.51573805,5,6.702032125,-75.50455704
85,5,615,6.150785807,-75.41076052,5,6.702032125,-75.50455704
86,5,628,6.901000506,-75.79222754,5,6.702032125,-75.50455704
87,5,631,6.138305183,-75.60880599,5,6.702032125,-75.50455704
88,5,642,5.970502334,-75.98137251,5,6.702032125,-75.50455704
89,5,647,6.918427233,-75.6657758,5,6.702032125,-75.50455704
90,5,649,6.193789659,-74.90732769,5,6.702032125,-75.50455704
91,5,652,5.840093731,-74.98176334,5,6.702032125,-75.50455704
92,5,656,6.438300409,-75.70310727,5,6.702032125,-75.50455704
93,5,658,6.823258913,-75.67770826,5,6.702032125,-75.50455704
94,5,659,8.707141583,-76.53248234,5,6.702032125,-75.50455704
95,5,660,6.024205956,-75.0076674,5,6.702032125,-75.50455704
96,5,664,6.458666308,-75.5624839,5,6.702032125,-75.50455704
97,5,665,8.37915695,-76.31664233,5,6.702032125,-75.50455704
98,5,667,6.31074453,-74.99858652,5,6.702032125,-75.50455704
99,5,670,6.466165211,-74.9450732,5,6.702032125,-75.50455704
100,5,674,6.310387522,-75.32740163,5,6.702032125,-75.50455704
101,5,679,5.878984956,-75.58330371,5,6.702032125,-75.50455704
102,5,686,6.675827825,-75.43814333,5,6.702032125,-75.50455704
103,5,690,6.481044132,-75.14260097,5,6.702032125,-75.50455704
104,5,697,6.124209495,-75.25212278,5,6.702032125,-75.50455704
105,5,736,7.26692339,-74.62163926,5,6.702032125,-75.50455704
106,5,756,5.826388779,-74.83637623,5,6.702032125,-75.50455704
107,5,761,6.520164552,-75.74580903,5,6.702032125,-75.50455704
108,5,789,5.673758571,-75.70979974,5,6.702032125,-75.50455704
109,5,790,7.488875998,-75.40189438,5,6.702032125,-75.50455704
110,5,792,5.871064557,-75.82871144,5,6.702032125,-75.50455704
111,5,809,6.058349971,-75.79966005,5,6.702032125,-75.50455704
112,5,819,7.016397069,-75.71363382,5,6.702032125,-75.50455704
113,5,837,8.173851745,-76.5740377,5,6.702032125,-75.50455704
114,5,842,6.913916924,-76.13318514,5,6.702032125,-75.50455704
115,5,847,6.33534134,-76.25906482,5,6.702032125,-75.50455704
116,5,854,7.265404213,-75.40094502,5,6.702032125,-75.50455704
117,5,856,5.651937802,-75.63083412,5,6.702032125,-75.50455704
118,5,858,6.836535122,-74.7540302,5,6.702032125,-75.50455704
119,5,861,5.956576355,-75.77722423,5,6.702032125,-75.50455704
120,5,873,6.453351334,-76.69504802,5,6.702032125,-75.50455704
121,5,885,6.716870679,-74.75565002,5,6.702032125,-75.50455704
122,5,887,6.9881309,-75.45439957,5,6.702032125,-75.50455704
123,5,890,6.64442786,-75.02990266,5,6.702032125,-75.50455704
124,5,893,6.925159318,-74.15824041,5,6.702032125,-75.50455704
125,5,895,7.474004006,-74.85848326,5,6.702032125,-75.50455704
126,8,1,10.98152051,-74.82771544,8,10.67700953,-74.96521949
127,8,78,10.79329302,-74.92219491,8,10.67700953,-74.96521949
128,8,137,10.38405079,-74.88466039,8,10.67700953,-74.96521949
129,8,141,10.48902047,-74.87756627,8,10.67700953,-74.96521949
130,8,296,10.89771991,-74.88708788,8,10.67700953,-74.96521949
131,8,372,10.82306503,-75.07841904,8,10.67700953,-74.96521949
132,8,421,10.63503116,-75.15402741,8,10.67700953,-74.96521949
133,8,433,10.84828864,-74.80617555,8,10.67700953,-74.96521949
134,8,436,10.45414555,-74.98477367,8,10.67700953,-74.96521949
135,8,520,10.69481208,-74.7701509,8,10.67700953,-74.96521949
136,8,549,10.74078959,-75.14366034,8,10.67700953,-74.96521949
137,8,558,10.76740141,-74.85414844,8,10.67700953,-74.96521949
138,8,560,10.59465102,-74.79847316,8,10.67700953,-74.96521949
139,8,573,11.0044226,-74.9074058,8,10.67700953,-74.96521949
140,8,606,10.50757051,-75.12188053,8,10.67700953,-74.96521949
141,8,634,10.79894015,-74.7687966,8,10.67700953,-74.96521949
142,8,638,10.62250777,-74.95510542,8,10.67700953,-74.96521949
143,8,675,10.35364192,-74.96541179,8,10.67700953,-74.96521949
144,8,685,10.75562656,-74.78726468,8,10.67700953,-74.96521949
145,8,758,10.9069066,-74.7784249,8,10.67700953,-74.96521949
146,8,770,10.31085035,-74.90713308,8,10.67700953,-74.96521949
147,8,832,10.90721938,-74.98423293,8,10.67700953,-74.96521949
148,8,849,10.74052266,-74.98267413,8,10.67700953,-74.96521949
149,11,1,4.316107698,-74.1810727,11,4.316107698,-74.1810727
150,13,1,10.46343362,-75.45889915,13,8.079796863,-74.23514814
151,13,6,8.622943262,-74.47805945,13,8.079796863,-74.23514814
152,13,30,8.757468863,-74.19515811,13,8.079796863,-74.23514814
153,13,42,8.362996158,-74.10301905,13,8.079796863,-74.23514814
154,13,52,10.16422123,-75.37121788,13,8.079796863,-74.23514814
155,13,62,10.24171805,-75.02690422,13,8.079796863,-74.23514814
156,13,74,8.837077654,-74.27966531,13,8.079796863,-74.23514814
157,13,140,10.15517098,-74.99995949,13,8.079796863,-74.23514814
158,13,160,7.239229146,-74.10014043,13,8.079796863,-74.23514814
159,13,188,9.235268598,-74.68840962,13,8.079796863,-74.23514814
160,13,212,9.540047515,-74.89445635,13,8.079796863,-74.23514814
161,13,222,10.55663696,-75.31446653,13,8.079796863,-74.23514814
162,13,244,9.699819876,-75.15793573,13,8.079796863,-74.23514814
163,13,248,10.03483672,-74.92811072,13,8.079796863,-74.23514814
164,13,268,8.864818786,-73.91230147,13,8.079796863,-74.23514814
165,13,300,8.981717133,-74.09071902,13,8.079796863,-74.23514814
166,13,430,9.053135895,-74.70539318,13,8.079796863,-74.23514814
167,13,433,10.17821391,-75.17978161,13,8.079796863,-74.23514814
168,13,440,9.054601889,-74.22584706,13,8.079796863,-74.23514814
169,13,442,9.976017168,-75.34380265,13,8.079796863,-74.23514814
170,13,458,8.01710024,-74.46342911,13,8.079796863,-74.23514814
171,13,468,9.142512064,-74.54519906,13,8.079796863,-74.23514814
172,13,473,8.253700061,-73.9713459,13,8.079796863,-74.23514814
173,13,490,8.50613476,-74.11588912,13,8.079796863,-74.23514814
174,13,549,8.886315511,-74.40888476,13,8.079796863,-74.23514814
175,13,580,8.672628558,-73.91450679,13,8.079796863,-74.23514814
176,13,600,8.559982465,-73.90298668,13,8.079796863,-74.23514814
177,13,620,10.36972087,-75.07333835,13,8.079796863,-74.23514814
178,13,647,10.36468192,-75.20523487,13,8.079796863,-74.23514814
179,13,650,9.081483143,-74.37186647,13,8.079796863,-74.23514814
180,13,654,9.835362011,-75.10609201,13,8.079796863,-74.23514814
181,13,655,8.212463202,-74.75082,13,8.079796863,-74.23514814
182,13,657,9.967957823,-75.06571959,13,8.079796863,-74.23514814
183,13,667,8.816088444,-74.00599967,13,8.079796863,-74.23514814
184,13,670,7.507922612,-74.10356977,13,8.079796863,-74.23514814
185,13,673,10.64981278,-75.26548463,13,8.079796863,-74.23514814
186,13,683,10.46920726,-75.36116053,13,8.079796863,-74.23514814
187,13,688,7.772519173,-74.26272843,13,8.079796863,-74.23514814
188,13,744,7.851315534,-73.98371609,13,8.079796863,-74.23514814
189,13,760,10.33209031,-75.11699226,13,8.079796863,-74.23514814
190,13,780,9.269516705,-74.58695233,13,8.079796863,-74.23514814
191,13,810,8.492345176,-74.29676139,13,8.079796863,-74.23514814
192,13,836,10.35310756,-75.37971541,13,8.079796863,-74.23514814
193,13,838,10.25276929,-75.43270299,13,8.079796863,-74.23514814
194,13,873,10.4449132,-75.26736275,13,8.079796863,-74.23514814
195,13,894,9.745147021,-74.88067037,13,8.079796863,-74.23514814
196,15,1,5.518472615,-73.37801856,15,5.891672889,-72.62788054
197,15,22,4.954825081,-73.38813425,15,5.891672889,-72.62788054
198,15,47,5.437416373,-72.87149471,15,5.891672889,-72.62788054
199,15,51,5.73526424,-73.42793109,15,5.891672889,-72.62788054
200,15,87,6.005059265,-72.89369887,15,5.891672889,-72.62788054
201,15,90,5.230936356,-73.12731944,15,5.891672889,-72.62788054
202,15,92,5.920858933,-72.84857876,15,5.891672889,-72.62788054
203,15,97,6.337515626,-72.62021239,15,5.891672889,-72.62788054
204,15,104,5.439856216,-73.38136994,15,5.891672889,-72.62788054
205,15,106,5.673229265,-73.92660705,15,5.891672889,-72.62788054
206,15,109,5.489399419,-73.95066255,15,5.891672889,-72.62788054
207,15,114,5.843483731,-72.87574623,15,5.891672889,-72.62788054
208,15,131,5.575990669,-73.88057508,15,5.891672889,-72.62788054
209,15,135,5.006862536,-73.1446703,15,5.891672889,-72.62788054
210,15,162,5.962013698,-72.96447288,15,5.891672889,-72.62788054
211,15,172,5.202971639,-73.34048074,15,5.891672889,-72.62788054
212,15,176,5.622488024,-73.80424531,15,5.891672889,-72.62788054
213,15,180,6.68911806,-72.41795675,15,5.891672889,-72.62788054
214,15,183,6.091468485,-72.43903174,15,5.891672889,-72.62788054
215,15,185,5.984394625,-73.42582375,15,5.891672889,-72.62788054
216,15,187,5.556830465,-73.26061715,15,5.891672889,-72.62788054
217,15,189,5.393059633,-73.28205772,15,5.891672889,-72.62788054
218,15,204,5.667822366,-73.32137049,15,5.891672889,-72.62788054
219,15,212,5.452461072,-74.05996578,15,5.891672889,-72.62788054
220,15,215,5.82454582,-72.84544845,15,5.891672889,-72.62788054
221,15,218,6.519521476,-72.74020421,15,5.891672889,-72.62788054
222,15,223,6.886954878,-72.18156285,15,5.891672889,-72.62788054
223,15,224,5.527104109,-73.44598646,15,5.891672889,-72.62788054
224,15,226,5.58775449,-72.93953686,15,5.891672889,-72.62788054
225,15,232,5.643075648,-73.44562391,15,5.891672889,-72.62788054
226,15,236,4.871181606,-73.36142379,15,5.891672889,-72.62788054
227,15,238,5.890602515,-73.06709484,15,5.891672889,-72.62788054
228,15,244,6.353363177,-72.41923752,15,5.891672889,-72.62788054
229,15,248,6.508240556,-72.48049625,15,5.891672889,-72.62788054
230,15,272,5.67367659,-73.01983352,15,5.891672889,-72.62788054
231,15,276,5.85899211,-72.92499827,15,5.891672889,-72.62788054
232,15,293,5.744105975,-73.5426552,15,5.891672889,-72.62788054
233,15,296,5.799050256,-72.72964765,15,5.891672889,-72.62788054
234,15,299,5.089466651,-73.31430272,15,5.891672889,-72.62788054
235,15,317,6.445438546,-72.51635332,15,5.891672889,-72.62788054
236,15,322,5.01450831,-73.48812352,15,5.891672889,-72.62788054
237,15,325,4.931424341,-73.49663372,15,5.891672889,-72.62788054
238,15,332,6.566991765,-72.25599334,15,5.891672889,-72.62788054
239,15,362,5.617366016,-72.96986504,15,5.891672889,-72.62788054
240,15,367,5.38916272,-73.40087021,15,5.891672889,-72.62788054
241,15,368,6.155633662,-72.58523093,15,5.891672889,-72.62788054
242,15,377,5.541378132,-72.5903846,15,5.891672889,-72.62788054
243,15,380,5.113167102,-73.45923708,15,5.891672889,-72.62788054
244,15,401,5.507008121,-74.24162727,15,5.891672889,-72.62788054
245,15,403,6.265126191,-72.55551085,15,5.891672889,-72.62788054
246,15,407,5.665762424,-73.514948,15,5.891672889,-72.62788054
247,15,425,4.980176495,-73.29413695,15,5.891672889,-72.62788054
248,15,442,5.569810633,-74.02003127,15,5.891672889,-72.62788054
249,15,455,5.150953297,-73.17896722,15,5.891672889,-72.62788054
250,15,464,5.710937981,-72.63402875,15,5.891672889,-72.62788054
251,15,466,5.697352228,-72.83298664,15,5.891672889,-72.62788054
252,15,469,5.863370485,-73.55852538,15,5.891672889,-72.62788054
253,15,476,5.606192449,-73.37734267,15,5.891672889,-72.62788054
254,15,480,5.539429272,-74.11177139,15,5.891672889,-72.62788054
255,15,491,5.778759851,-72.93268324,15,5.891672889,-72.62788054
256,15,494,5.354701485,-73.44873424,15,5.891672889,-72.62788054
257,15,500,5.610787844,-73.27991905,15,5.891672889,-72.62788054
258,15,507,5.753787787,-74.19719423,15,5.891672889,-72.62788054
259,15,511,5.148323877,-73.39951219,15,5.891672889,-72.62788054
260,15,514,5.095211035,-73.00435863,15,5.891672889,-72.62788054
261,15,516,5.762027786,-73.13777442,15,5.891672889,-72.62788054
262,15,518,5.382328949,-72.69672674,15,5.891672889,-72.62788054
263,15,522,6.443299758,-72.46182431,15,5.891672889,-72.62788054
264,15,531,5.688801559,-74.00504122,15,5.891672889,-72.62788054
265,15,533,5.621242742,-72.3692906,15,5.891672889,-72.62788054
266,15,537,6.030008561,-72.75988018,15,5.891672889,-72.62788054
267,15,542,5.498483324,-73.07837993,15,5.891672889,-72.62788054
268,15,550,5.768131812,-72.43993232,15,5.891672889,-72.62788054
269,15,572,5.953466654,-74.4528581,15,5.891672889,-72.62788054
270,15,580,5.595729831,-74.26857067,15,5.891672889,-72.62788054
271,15,599,5.319934092,-73.310779,15,5.891672889,-72.62788054
272,15,600,5.496268621,-73.62894438,15,5.891672889,-72.62788054
273,15,621,5.379947879,-73.19650995,15,5.891672889,-72.62788054
274,15,632,5.699926051,-73.74799466,15,5.891672889,-72.62788054
275,15,638,5.573464882,-73.543102,15,5.891672889,-72.62788054
276,15,646,5.47053997,-73.5211756,15,5.891672889,-72.62788054
277,15,660,5.234614686,-73.04914067,15,5.891672889,-72.62788054
278,15,664,5.994154088,-73.54386522,15,5.891672889,-72.62788054
279,15,667,4.798203543,-73.13397018,15,5.891672889,-72.62788054
280,15,673,6.395388812,-72.55184862,15,5.891672889,-72.62788054
281,15,676,5.532326922,-73.74715898,15,5.891672889,-72.62788054
282,15,681,5.677345066,-74.11403749,15,5.891672889,-72.62788054
283,15,686,6.057614971,-73.48974828,15,5.891672889,-72.62788054
284,15,690,4.823002556,-73.25377506,15,5.891672889,-72.62788054
285,15,693,5.892950301,-72.9917278,15,5.891672889,-72.62788054
286,15,696,5.731602716,-73.60366287,15,5.891672889,-72.62788054
287,15,720,6.13211793,-72.73032415,15,5.891672889,-72.62788054
288,15,723,6.083405978,-72.72410815,15,5.891672889,-72.62788054
289,15,740,5.498747701,-73.21681778,15,5.891672889,-72.62788054
290,15,753,6.323088045,-72.69604089,15,5.891672889,-72.62788054
291,15,755,5.906513772,-72.53646361,15,5.891672889,-72.62788054
292,15,757,5.960498836,-72.68239784,15,5.891672889,-72.62788054
293,15,759,5.646672053,-72.8709565,15,5.891672889,-72.62788054
294,15,761,4.970974064,-73.42878785,15,5.891672889,-72.62788054
295,15,762,5.580573191,-73.44371838,15,5.891672889,-72.62788054
296,15,763,5.763010553,-73.24352232,15,5.891672889,-72.62788054
297,15,764,5.494890461,-73.31899997,15,5.891672889,-72.62788054
298,15,774,6.215200578,-72.71575634,15,5.891672889,-72.62788054
299,15,776,5.640030759,-73.62598773,15,5.891672889,-72.62788054
300,15,778,5.030711335,-73.41224401,15,5.891672889,-72.62788054
301,15,790,5.882294313,-72.72626817,15,5.891672889,-72.62788054
302,15,798,5.071413139,-73.42479699,15,5.891672889,-72.62788054
303,15,804,5.301116649,-73.3932521,15,5.891672889,-72.62788054
304,15,806,5.747329389,-73.01114724,15,5.891672889,-72.62788054
305,15,808,5.577566497,-73.67614572,15,5.891672889,-72.62788054
306,15,810,6.42035349,-72.69463583,15,5.891672889,-72.62788054
307,15,814,5.580254287,-73.1606969,15,5.891672889,-72.62788054
308,15,816,5.921830062,-73.48921806,15,5.891672889,-72.62788054
309,15,820,5.765350303,-72.83672958,15,5.891672889,-72.62788054
310,15,822,5.501297215,-72.99633297,15,5.891672889,-72.62788054
311,15,832,5.720301516,-73.94330927,15,5.891672889,-72.62788054
312,15,835,5.305697418,-73.50908714,15,5.891672889,-72.62788054
313,15,837,5.678126998,-73.17343053,15,5.891672889,-72.62788054
314,15,839,6.078051903,-72.85707832,15,5.891672889,-72.62788054
315,15,842,5.217241368,-73.46338477,15,5.891672889,-72.62788054
316,15,861,5.383385481,-73.52097942,15,5.891672889,-72.62788054
317,15,879,5.440558216,-73.26627456,15,5.891672889,-72.62788054
318,15,897,5.285635983,-73.16763091,15,5.891672889,-72.62788054
319,17,1,5.08343301,-75.50727881,17,5.280139978,-75.27498304
320,17,13,5.616204006,-75.4554471,17,5.280139978,-75.27498304
321,17,42,5.20029922,-75.75289078,17,5.280139978,-75.27498304
322,17,50,5.265539969,-75.47392619,17,5.280139978,-75.27498304
323,17,88,4.99467728,-75.81225989,17,5.280139978,-75.27498304
324,17,174,4.974340569,-75.65954686,17,5.280139978,-75.27498304
325,17,272,5.285743777,-75.58978784,17,5.280139978,-75.27498304
326,17,380,5.410515691,-74.72114262,17,5.280139978,-75.27498304
327,17,388,5.393185716,-75.55791071,17,5.280139978,-75.27498304
328,17,433,5.23295391,-75.15263447,17,5.280139978,-75.27498304
329,17,442,5.492632029,-75.60209955,17,5.280139978,-75.27498304
330,17,444,5.309142491,-75.04117892,17,5.280139978,-75.27498304
331,17,446,5.235585244,-75.28316648,17,5.280139978,-75.27498304
332,17,486,5.183358589,-75.50692977,17,5.280139978,-75.27498304
333,17,495,5.638062349,-74.85492707,17,5.280139978,-75.27498304
334,17,513,5.500035035,-75.48245057,17,5.280139978,-75.27498304
335,17,524,5.050342543,-75.66176266,17,5.280139978,-75.27498304
336,17,541,5.407187836,-75.16683996,17,5.280139978,-75.27498304
337,17,614,5.442275418,-75.75220499,17,5.280139978,-75.27498304
338,17,616,5.097563816,-75.73335166,17,5.280139978,-75.27498304
339,17,653,5.370332425,-75.40962177,17,5.280139978,-75.27498304
340,17,662,5.519692873,-74.99718577,17,5.280139978,-75.27498304
341,17,665,5.083424513,-75.8101789,17,5.280139978,-75.27498304
342,17,777,5.45295802,-75.64035705,17,5.280139978,-75.27498304
343,17,867,5.447542859,-74.83622502,17,5.280139978,-75.27498304
344,17,873,4.940211591,-75.43544014,17,5.280139978,-75.27498304
345,17,877,5.047822054,-75.879297,17,5.280139978,-75.27498304
346,18,1,1.749138704,-75.55823906,18,0.798556195,-73.95946756
347,18,29,1.22786549,-75.88232651,18,0.798556195,-73.95946756
348,18,94,1.536174657,-75.90947504,18,0.798556195,-73.95946756
349,18,150,0.647693081,-74.27235499,18,0.798556195,-73.95946756
350,18,205,1.115379292,-75.97328452,18,0.798556195,-73.95946756
351,18,247,1.713734697,-75.26878109,18,0.798556195,-73.95946756
352,18,256,1.476630016,-75.20231825,18,0.798556195,-73.95946756
353,18,410,1.302860442,-75.23572732,18,0.798556195,-73.95946756
354,18,460,1.146692554,-75.38664764,18,0.798556195,-73.95946756
355,18,479,1.38299611,-75.67381123,18,0.798556195,-73.95946756
356,18,592,2.018940891,-75.07308627,18,0.798556195,-73.95946756
357,18,610,1.304702314,-76.11000594,18,0.798556195,-73.95946756
358,18,753,1.308465061,-74.19746971,18,0.798556195,-73.95946756
359,18,756,0.096131862,-72.32036402,18,0.798556195,-73.95946756
360,18,785,0.943939454,-75.64668544,18,0.798556195,-73.95946756
361,18,860,1.07534915,-75.73779004,18,0.798556195,-73.95946756
362,19,1,2.471704362,-76.59194419,19,2.396833887,-76.82423283
363,19,22,1.912440521,-76.83494519,19,2.396833887,-76.82423283
364,19,50,2.329337283,-77.26314906,19,2.396833887,-76.82423283
365,19,75,2.084732945,-77.2088133,19,2.396833887,-76.82423283
366,19,100,1.853951938,-76.96337454,19,2.396833887,-76.82423283
367,19,110,2.988923885,-76.62158951,19,2.396833887,-76.82423283
368,19,130,2.643209848,-76.70138914,19,2.396833887,-76.82423283
369,19,137,2.803845691,-76.42719377,19,2.396833887,-76.82423283
370,19,142,3.062875557,-76.32127977,19,2.396833887,-76.82423283
371,19,212,3.136753606,-76.20964569,19,2.396833887,-76.82423283
372,19,256,2.534488312,-77.00511207,19,2.396833887,-76.82423283
373,19,290,1.69453474,-77.08735723,19,2.396833887,-76.82423283
374,19,300,3.144389993,-76.39234811,19,2.396833887,-76.82423283
375,19,318,2.41326696,-77.69047531,19,2.396833887,-76.82423283
376,19,355,2.499058783,-76.13762531,19,2.396833887,-76.82423283
377,19,364,2.84981013,-76.31124919,19,2.396833887,-76.82423283
378,19,392,2.187473572,-76.78228032,19,2.396833887,-76.82423283
379,19,397,2.053933426,-76.7588062,19,2.396833887,-76.82423283
380,19,418,2.95819877,-77.24212158,19,2.396833887,-76.82423283
381,19,450,1.793825164,-77.18060381,19,2.396833887,-76.82423283
382,19,455,3.228235212,-76.21670827,19,2.396833887,-76.82423283
383,19,473,2.773663981,-76.74605152,19,2.396833887,-76.82423283
384,19,513,3.194730618,-76.3362418,19,2.396833887,-76.82423283
385,19,517,2.733887702,-75.99368264,19,2.396833887,-76.82423283
386,19,532,2.157983906,-77.0465762,19,2.396833887,-76.82423283
387,19,533,1.054128816,-76.4443271,19,2.396833887,-76.82423283
388,19,548,2.702420026,-76.53770455,19,2.396833887,-76.82423283
389,19,573,3.266724205,-76.41846353,19,2.396833887,-76.82423283
390,19,585,2.262153618,-76.44826938,19,2.396833887,-76.82423283
391,19,622,2.260421954,-76.74582033,19,2.396833887,-76.82423283
392,19,693,1.856261815,-76.71652424,19,2.396833887,-76.82423283
393,19,698,2.984467338,-76.49873145,19,2.396833887,-76.82423283
394,19,701,1.52002179,-76.53876281,19,2.396833887,-76.82423283
395,19,743,2.651291894,-76.35057356,19,2.396833887,-76.82423283
396,19,760,2.231820541,-76.61146633,19,2.396833887,-76.82423283
397,19,780,2.936865997,-76.7458243,19,2.396833887,-76.82423283
398,19,785,2.057735184,-76.90993965,19,2.396833887,-76.82423283
399,19,807,2.369625312,-76.71051932,19,2.396833887,-76.82423283
400,19,809,2.699475127,-77.49131577,19,2.396833887,-76.82423283
401,19,821,2.975771999,-76.20331566,19,2.396833887,-76.82423283
402,19,824,2.475213085,-76.39675937,19,2.396833887,-76.82423283
403,19,845,3.180627317,-76.46445558,19,2.396833887,-76.82423283
404,20,1,10.21890277,-73.45784764,20,9.53665993,-73.51783154
405,20,11,8.248735219,-73.6227405,20,9.53665993,-73.51783154
406,20,13,9.949215908,-73.22358244,20,9.53665993,-73.51783154
407,20,32,9.510727925,-73.94214641,20,9.53665993,-73.51783154
408,20,45,9.727732939,-73.25250522,20,9.53665993,-73.51783154
409,20,60,9.946391309,-73.86628815,20,9.53665993,-73.51783154
410,20,175,9.27797765,-73.84697903,20,9.53665993,-73.51783154
411,20,178,9.426648354,-73.54797894,20,9.53665993,-73.51783154
412,20,228,9.238771332,-73.48810861,20,9.53665993,-73.51783154
413,20,238,10.19995356,-73.91282064,20,9.53665993,-73.51783154
414,20,250,9.683474681,-73.73833778,20,9.53665993,-73.51783154
415,20,295,8.337726622,-73.70649199,20,9.53665993,-73.51783154
416,20,310,8.405516522,-73.37537309,20,9.53665993,-73.51783154
417,20,383,8.588002247,-73.61602384,20,9.53665993,-73.51783154
418,20,400,9.52099808,-73.32249338,20,9.53665993,-73.51783154
419,20,443,10.38027852,-73.00706275,20,9.53665993,-73.51783154
420,20,517,8.938916143,-73.57247213,20,9.53665993,-73.51783154
421,20,550,8.764116734,-73.63295546,20,9.53665993,-73.51783154
422,20,570,10.41736874,-73.61450632,20,9.53665993,-73.51783154
423,20,614,8.201070245,-73.48750127,20,9.53665993,-73.51783154
424,20,621,10.24440562,-73.07824569,20,9.53665993,-73.51783154
425,20,710,7.769815987,-73.47218888,20,9.53665993,-73.51783154
426,20,750,10.16952712,-73.2879827,20,9.53665993,-73.51783154
427,20,770,7.937788454,-73.54436312,20,9.53665993,-73.51783154
428,20,787,8.902075012,-73.7633962,20,9.53665993,-73.51783154
429,23,1,8.584698016,-75.95055079,23,8.358549754,-75.79200872
430,23,68,8.265768688,-75.04868436,23,8.358549754,-75.79200872
431,23,79,8.191397953,-75.43382532,23,8.358549754,-75.79200872
432,23,90,8.7240958,-76.23779081,23,8.358549754,-75.79200872
433,23,162,8.895667051,-75.87842391,23,8.358549754,-75.79200872
434,23,168,9.11024941,-75.65237351,23,8.358549754,-75.79200872
435,23,182,9.053287104,-75.37387363,23,8.358549754,-75.79200872
436,23,189,8.841811894,-75.60779829,23,8.358549754,-75.79200872
437,23,300,9.071460219,-75.75459276,23,8.358549754,-75.79200872
438,23,350,8.052218422,-75.28816022,23,8.358549754,-75.79200872
439,23,417,9.165034998,-75.90978124,23,8.358549754,-75.79200872
440,23,419,8.823307063,-76.3430552,23,8.358549754,-75.79200872
441,23,464,9.265461621,-75.65090876,23,8.358549754,-75.79200872
442,23,466,7.866432635,-75.87533926,23,8.358549754,-75.79200872
443,23,500,9.190515343,-76.11931709,23,8.358549754,-75.79200872
444,23,555,8.181108488,-75.68923803,23,8.358549754,-75.79200872
445,23,570,8.481339568,-75.40516154,23,8.358549754,-75.79200872
446,23,574,8.988667731,-76.19405912,23,8.358549754,-75.79200872
447,23,580,7.711515736,-75.77123224,23,8.358549754,-75.79200872
448,23,586,9.282386127,-75.72129392,23,8.358549754,-75.79200872
449,23,660,8.799007016,-75.42925664,23,8.358549754,-75.79200872
450,23,670,9.121296353,-75.52091711,23,8.358549754,-75.79200872
451,23,672,9.359667489,-75.78700252,23,8.358549754,-75.79200872
452,23,675,9.330098329,-75.97623858,23,8.358549754,-75.79200872
453,23,678,8.706464263,-75.69251825,23,8.358549754,-75.79200872
454,23,682,7.753054395,-75.5672474,23,8.358549754,-75.79200872
455,23,686,8.987777392,-75.90958771,23,8.358549754,-75.79200872
456,23,807,7.813896829,-76.16846678,23,8.358549754,-75.79200872
457,23,815,9.224630803,-75.54410593,23,8.358549754,-75.79200872
458,23,855,8.219904128,-76.2213286,23,8.358549754,-75.79200872
459,25,1,4.372744676,-74.67111051,25,4.771120716,-74.43111092
460,25,19,4.891121638,-74.44278432,25,4.771120716,-74.43111092
461,25,35,4.559962881,-74.5256953,25,4.771120716,-74.43111092
462,25,40,4.789313614,-74.46194256,25,4.771120716,-74.43111092
463,25,53,4.232786985,-74.39576291,25,4.771120716,-74.43111092
464,25,86,4.791721105,-74.71491399,25,4.771120716,-74.43111092
465,25,95,4.847821091,-74.52862766,25,4.771120716,-74.43111092
466,25,99,4.705576252,-74.3354077,25,4.771120716,-74.43111092
467,25,120,3.91861924,-74.44615606,25,4.771120716,-74.43111092
468,25,123,4.723063341,-74.45919528,25,4.771120716,-74.43111092
469,25,126,4.930402779,-74.02985115,25,4.771120716,-74.43111092
470,25,148,5.381501399,-74.52123595,25,4.771120716,-74.43111092
471,25,151,4.402259457,-73.94482435,25,4.771120716,-74.43111092
472,25,154,5.338856556,-73.92614817,25,4.771120716,-74.43111092
473,25,168,4.95425175,-74.63090139,25,4.771120716,-74.43111092
474,25,175,4.857823671,-74.03809539,25,4.771120716,-74.43111092
475,25,178,4.463746629,-74.04605246,25,4.771120716,-74.43111092
476,25,181,4.578183896,-73.95290054,25,4.771120716,-74.43111092
477,25,183,5.118419271,-73.68068583,25,4.771120716,-74.43111092
478,25,200,5.103127532,-73.97536559,25,4.771120716,-74.43111092
479,25,214,4.76754674,-74.1415583,25,4.771120716,-74.43111092
480,25,224,5.230308105,-73.78001885,25,4.771120716,-74.43111092
481,25,245,4.556947085,-74.42658478,25,4.771120716,-74.43111092
482,25,258,5.261728244,-74.30830564,25,4.771120716,-74.43111092
483,25,260,4.879723016,-74.23802273,25,4.771120716,-74.43111092
484,25,269,4.834052334,-74.3380229,25,4.771120716,-74.43111092
485,25,279,4.528568462,-73.79705267,25,4.771120716,-74.43111092
486,25,281,4.316280072,-73.95286784,25,4.771120716,-74.43111092
487,25,286,4.743996711,-74.19865992,25,4.771120716,-74.43111092
488,25,288,5.416288902,-73.77059829,25,4.771120716,-74.43111092
489,25,290,4.323534028,-74.38859114,25,4.771120716,-74.43111092
490,25,293,4.65495513,-73.51055381,25,4.771120716,-74.43111092
491,25,295,5.01001953,-73.87671759,25,4.771120716,-74.43111092
492,25,297,4.867551134,-73.61773287,25,4.771120716,-74.43111092
493,25,299,4.723573464,-73.60054441,25,4.771120716,-74.43111092
494,25,307,4.338154518,-74.81143922,25,4.771120716,-74.43111092
495,25,312,4.523484884,-74.33724619,25,4.771120716,-74.43111092
496,25,317,5.387291542,-73.69328234,25,4.771120716,-74.43111092
497,25,320,5.173554764,-74.64014651,25,4.771120716,-74.43111092
498,25,322,4.801276832,-73.84643485,25,4.771120716,-74.43111092
499,25,324,4.516381655,-74.78257788,25,4.771120716,-74.43111092
500,25,326,4.91158717,-73.78648564,25,4.771120716,-74.43111092
501,25,328,4.866310254,-74.4767709,25,4.771120716,-74.43111092
502,25,335,4.231875945,-73.83543981,25,4.771120716,-74.43111092
503,25,339,4.166089563,-74.0246527,25,4.771120716,-74.43111092
504,25,368,4.571350254,-74.68915854,25,4.771120716,-74.43111092
505,25,372,4.705170789,-73.69247873,25,4.771120716,-74.43111092
506,25,377,4.700785443,-73.92939921,25,4.771120716,-74.43111092
507,25,386,4.650773167,-74.47321717,25,4.771120716,-74.43111092
508,25,394,5.333400646,-74.40807863,25,4.771120716,-74.43111092
509,25,398,5.20459882,-74.40786611,25,4.771120716,-74.43111092
510,25,402,4.978619842,-74.33936061,25,4.771120716,-74.43111092
511,25,407,5.303637171,-73.68153228,25,4.771120716,-74.43111092
512,25,426,5.040349198,-73.61738241,25,4.771120716,-74.43111092
513,25,430,4.75156751,-74.2896305,25,4.771120716,-74.43111092
514,25,436,4.976881151,-73.56313741,25,4.771120716,-74.43111092
515,25,438,4.484437919,-73.40598487,25,4.771120716,-74.43111092
516,25,473,4.672714223,-74.23573194,25,4.771120716,-74.43111092
517,25,483,4.407952015,-74.80565317,25,4.771120716,-74.43111092
518,25,486,5.093705358,-73.88380238,25,4.771120716,-74.43111092
519,25,488,4.294780933,-74.614695,25,4.771120716,-74.43111092
520,25,489,5.121445325,-74.39737048,25,4.771120716,-74.43111092
521,25,491,5.066110761,-74.38975476,25,4.771120716,-74.43111092
522,25,506,4.063342074,-74.45259796,25,4.771120716,-74.43111092
523,25,513,5.168367634,-74.16336544,25,4.771120716,-74.43111092
524,25,518,5.387647345,-74.16395696,25,4.771120716,-74.43111092
525,25,524,4.180497268,-74.4711213,25,4.771120716,-74.43111092
526,25,530,4.368158959,-73.2416614,25,4.771120716,-74.43111092
527,25,535,4.293733611,-74.27396924,25,4.771120716,-74.43111092
528,25,572,5.619752748,-74.5801923,25,4.771120716,-74.43111092
529,25,580,4.691336253,-74.68074404,25,4.771120716,-74.43111092
530,25,592,5.09998103,-74.4945107,25,4.771120716,-74.43111092
531,25,594,4.334589044,-73.85264561,25,4.771120716,-74.43111092
532,25,596,4.726907976,-74.55359926,25,4.771120716,-74.43111092
533,25,599,4.537711619,-74.59124656,25,4.771120716,-74.43111092
534,25,612,4.307363489,-74.72943403,25,4.771120716,-74.43111092
535,25,645,4.599741357,-74.34490342,25,4.771120716,-74.43111092
536,25,649,4.140958464,-74.35397692,25,4.771120716,-74.43111092
537,25,653,5.314600423,-74.07232077,25,4.771120716,-74.43111092
538,25,658,4.964100703,-74.27217129,25,4.771120716,-74.43111092
539,25,662,4.814537831,-74.61525985,25,4.771120716,-74.43111092
540,25,718,4.946805263,-74.41230921,25,4.771120716,-74.43111092
541,25,736,5.000633875,-73.77206544,25,4.771120716,-74.43111092
542,25,740,4.465970004,-74.26328963,25,4.771120716,-74.43111092
543,25,743,4.436967141,-74.37050903,25,4.771120716,-74.43111092
544,25,745,5.509773128,-73.84519164,25,4.771120716,-74.43111092
545,25,754,4.581866267,-74.24029696,25,4.771120716,-74.43111092
546,25,758,4.888060112,-73.96587528,25,4.771120716,-74.43111092
547,25,769,4.970358034,-74.15689923,25,4.771120716,-74.43111092
548,25,772,5.122728461,-73.82427313,25,4.771120716,-74.43111092
549,25,777,5.061692703,-74.23138328,25,4.771120716,-74.43111092
550,25,779,5.440092358,-73.82392529,25,4.771120716,-74.43111092
551,25,781,5.242909347,-73.85540343,25,4.771120716,-74.43111092
552,25,785,4.951520046,-74.08449648,25,4.771120716,-74.43111092
553,25,793,5.170527212,-73.95819594,25,4.771120716,-74.43111092
554,25,797,4.666608192,-74.36764956,25,4.771120716,-74.43111092
555,25,799,4.838548601,-74.14680287,25,4.771120716,-74.43111092
556,25,805,4.321357899,-74.48667274,25,4.771120716,-74.43111092
557,25,807,5.084102682,-73.51362546,25,4.771120716,-74.43111092
558,25,815,4.452072974,-74.64864406,25,4.771120716,-74.43111092
559,25,817,4.968852913,-73.92887021,25,4.771120716,-74.43111092
560,25,823,5.355688386,-74.28963994,25,4.771120716,-74.43111092
561,25,839,4.803805182,-73.47654604,25,4.771120716,-74.43111092
562,25,841,4.500754182,-73.97564545,25,4.771120716,-74.43111092
563,25,843,5.316080652,-73.82010566,25,4.771120716,-74.43111092
564,25,845,4.244611163,-74.11187304,25,4.771120716,-74.43111092
565,25,851,5.192795708,-74.47780003,25,4.771120716,-74.43111092
566,25,862,5.131267542,-74.30979229,25,4.771120716,-74.43111092
567,25,867,4.914040619,-74.54936655,25,4.771120716,-74.43111092
568,25,871,5.270694636,-74.19074375,25,4.771120716,-74.43111092
569,25,873,5.227298709,-73.57725921,25,4.771120716,-74.43111092
570,25,875,5.011670402,-74.48764746,25,4.771120716,-74.43111092
571,25,878,4.436054105,-74.48543339,25,4.771120716,-74.43111092
572,25,885,5.591910157,-74.36480865,25,4.771120716,-74.43111092
573,25,898,4.75432173,-74.38673444,25,4.771120716,-74.43111092
574,25,899,5.06631685,-74.04960323,25,4.771120716,-74.43111092
575,27,1,5.7543229,-76.65015147,27,5.397581542,-76.942811
576,27,6,8.383938499,-77.26560256,27,5.397581542,-76.942811
577,27,25,5.636740989,-77.0842154,27,5.397581542,-76.942811
578,27,50,5.525825084,-76.65064357,27,5.397581542,-76.942811
579,27,73,5.503119772,-76.19796907,27,5.397581542,-76.942811
580,27,75,6.162762775,-77.41653534,27,5.397581542,-76.942811
581,27,77,4.492865435,-77.08271352,27,5.397581542,-76.942811
582,27,99,6.474666885,-77.09933025,27,5.397581542,-76.942811
583,27,135,5.359661967,-76.77255624,27,5.397581542,-76.942811
584,27,150,7.033646541,-76.97423016,27,5.397581542,-76.942811
585,27,160,5.389828229,-76.52264237,27,5.397581542,-76.942811
586,27,205,5.070586101,-76.50701751,27,5.397581542,-76.942811
587,27,245,5.810938364,-76.19189442,27,5.397581542,-76.942811
588,27,250,4.272940191,-76.98785828,27,5.397581542,-76.942811
589,27,361,4.586818665,-77.00090737,27,5.397581542,-76.942811
590,27,372,7.103338868,-77.67973662,27,5.397581542,-76.942811
591,27,413,5.585101179,-76.38544449,27,5.397581542,-76.942811
592,27,425,6.033880098,-76.6734697,27,5.397581542,-76.942811
593,27,430,5.110392243,-76.99593075,27,5.397581542,-76.942811
594,27,450,4.621182739,-76.80861843,27,5.397581542,-76.942811
595,27,491,4.853386627,-76.61823669,27,5.397581542,-76.942811
596,27,493,7.439023,-76.844188,27,5.397581542,-76.942811
597,27,495,5.591359844,-77.33057439,27,5.397581542,-76.942811
598,27,580,5.190995015,-76.41996151,27,5.397581542,-76.942811
599,27,600,5.567533337,-76.81157084,27,5.397581542,-76.942811
600,27,615,7.375606,-77.35636,27,5.397581542,-76.942811
601,27,660,4.958741345,-76.28002361,27,5.397581542,-76.942811
602,27,745,4.594415157,-76.54194459,27,5.397581542,-76.942811
603,27,787,5.26610158,-76.33109547,27,5.397581542,-76.942811
604,27,800,8.117281079,-77.10372723,27,5.397581542,-76.942811
605,27,810,5.281599258,-76.61962746,27,5.397581542,-76.942811
606,41,1,2.993360046,-75.27236232,41,2.570143029,-75.58434836
607,41,6,1.709114446,-75.99664184,41,2.570143029,-75.58434836
608,41,13,2.26975042,-75.71632236,41,2.570143029,-75.58434836
609,41,16,3.243441923,-75.27670655,41,2.570143029,-75.58434836
610,41,20,2.49785068,-75.29134946,41,2.570143029,-75.58434836
611,41,26,2.07922808,-75.76858288,41,2.570143029,-75.58434836
612,41,78,3.135423634,-74.95797796,41,2.570143029,-75.58434836
613,41,132,2.658666675,-75.32943803,41,2.570143029,-75.58434836
614,41,206,3.262763564,-74.78516117,41,2.570143029,-75.58434836
615,41,244,2.022053305,-75.94430521,41,2.570143029,-75.58434836
616,41,298,2.172441496,-75.57131243,41,2.570143029,-75.58434836
617,41,306,2.371781539,-75.51699754,41,2.570143029,-75.58434836
618,41,319,1.984394016,-75.69693549,41,2.570143029,-75.58434836
619,41,349,2.541654161,-75.44781083,41,2.570143029,-75.58434836
620,41,357,2.691517773,-75.67383141,41,2.570143029,-75.58434836
621,41,359,1.945591321,-76.18204722,41,2.570143029,-75.58434836
622,41,378,2.156287619,-76.00679451,41,2.570143029,-75.58434836
623,41,396,2.328076586,-76.00117299,41,2.570143029,-75.58434836
624,41,483,2.576066285,-75.78693757,41,2.570143029,-75.58434836
625,41,503,2.061191362,-76.04110289,41,2.570143029,-75.58434836
626,41,518,2.40689827,-75.72803027,41,2.570143029,-75.58434836
627,41,524,2.914491967,-75.44066118,41,2.570143029,-75.58434836
628,41,530,1.68458076,-76.1478559,41,2.570143029,-75.58434836
629,41,548,2.259601773,-75.8319516,41,2.570143029,-75.58434836
630,41,551,1.848217185,-76.05217643,41,2.570143029,-75.58434836
631,41,615,2.79286115,-75.23536868,41,2.570143029,-75.58434836
632,41,660,2.100382849,-76.22897871,41,2.570143029,-75.58434836
633,41,668,1.924165493,-76.4165655,41,2.570143029,-75.58434836
634,41,676,2.926265937,-75.63359786,41,2.570143029,-75.58434836
635,41,770,1.870992095,-75.80798471,41,2.570143029,-75.58434836
636,41,791,2.130280544,-75.87534845,41,2.570143029,-75.58434836
637,41,797,2.526855132,-75.68259642,41,2.570143029,-75.58434836
638,41,799,3.030611777,-75.08536553,41,2.570143029,-75.58434836
639,41,801,2.851852692,-75.75988934,41,2.570143029,-75.58434836
640,41,807,1.950715226,-75.91757649,41,2.570143029,-75.58434836
641,41,872,3.287057875,-75.13838292,41,2.570143029,-75.58434836
642,41,885,2.646563339,-75.51592645,41,2.570143029,-75.58434836
643,44,1,11.24297214,-72.95876315,44,11.47687008,-72.42951072
644,44,35,11.22869049,-72.53209657,44,11.47687008,-72.42951072
645,44,78,10.94871677,-72.69696879,44,11.47687008,-72.42951072
646,44,90,11.09029715,-73.43568788,44,11.47687008,-72.42951072
647,44,98,10.92505107,-72.94444027,44,11.47687008,-72.42951072
648,44,110,10.63669646,-72.8858431,44,11.47687008,-72.42951072
649,44,279,10.8283716,-72.8018178,44,11.47687008,-72.42951072
650,44,378,11.09905582,-72.73842427,44,11.47687008,-72.42951072
651,44,420,10.4580941,-73.07209193,44,11.47687008,-72.42951072
652,44,430,11.38157764,-72.29500818,44,11.47687008,-72.42951072
653,44,560,11.60554263,-72.57160392,44,11.47687008,-72.42951072
654,44,650,10.81311496,-73.08659986,44,11.47687008,-72.42951072
655,44,847,11.99971986,-71.74882662,44,11.47687008,-72.42951072
656,44,855,10.4947021,-72.98623991,44,11.47687008,-72.42951072
657,44,874,10.58364755,-72.97520286,44,11.47687008,-72.42951072
658,47,1,11.12189436,-73.88527855,47,10.24738355,-74.26175733
659,47,30,10.25356475,-74.10323027,47,10.24738355,-74.26175733
660,47,53,10.64490877,-73.87972257,47,10.24738355,-74.26175733
661,47,58,9.834264955,-74.08460085,47,10.24738355,-74.26175733
662,47,161,10.3132933,-74.80834413,47,10.24738355,-74.26175733
663,47,170,10.09951961,-74.52606667,47,10.24738355,-74.26175733
664,47,189,10.85754552,-74.02500493,47,10.24738355,-74.26175733
665,47,205,10.23284801,-74.77810175,47,10.24738355,-74.26175733
666,47,245,9.114930635,-73.98105491,47,10.24738355,-74.26175733
667,47,258,10.34310988,-74.67817756,47,10.24738355,-74.26175733
668,47,268,10.65961696,-74.3251597,47,10.24738355,-74.26175733
669,47,288,10.45937818,-73.88406518,47,10.24738355,-74.26175733
670,47,318,9.248004673,-74.13968085,47,10.24738355,-74.26175733
671,47,460,9.735998134,-74.32840222,47,10.24738355,-74.26175733
672,47,541,10.15429546,-74.83178091,47,10.24738355,-74.26175733
673,47,545,9.530748654,-74.1447657,47,10.24738355,-74.26175733
674,47,551,10.43303399,-74.41251197,47,10.24738355,-74.26175733
675,47,555,9.76945611,-74.60181576,47,10.24738355,-74.26175733
676,47,570,10.84758901,-74.36057942,47,10.24738355,-74.26175733
677,47,605,10.64860351,-74.58106823,47,10.24738355,-74.26175733
678,47,660,10.10533028,-74.2644392,47,10.24738355,-74.26175733
679,47,675,10.51538178,-74.72296972,47,10.24738355,-74.26175733
680,47,692,9.380680272,-74.19797988,47,10.24738355,-74.26175733
681,47,703,9.306869548,-74.35851644,47,10.24738355,-74.26175733
682,47,707,9.503097215,-74.44419381,47,10.24738355,-74.26175733
683,47,720,9.484388135,-74.66521178,47,10.24738355,-74.26175733
684,47,745,10.89027616,-74.62966038,47,10.24738355,-74.26175733
685,47,798,9.924701267,-74.73263001,47,10.24738355,-74.26175733
686,47,960,10.11779893,-74.69115456,47,10.24738355,-74.26175733
687,47,980,10.79634658,-74.17798317,47,10.24738355,-74.26175733
688,50,1,4.09166877,-73.49291595,50,3.345562732,-72.95645988
689,50,6,3.943383008,-73.57135162,50,3.345562732,-72.95645988
690,50,110,4.519076127,-72.99548981,50,3.345562732,-72.95645988
691,50,124,4.315244759,-72.95268896,50,3.345562732,-72.95645988
692,50,150,3.805154089,-73.53886668,50,3.345562732,-72.95645988
693,50,223,3.834631516,-74.06232494,50,3.345562732,-72.95645988
694,50,226,4.232526389,-73.31477539,50,3.345562732,-72.95645988
695,50,245,4.353769888,-73.71441684,50,3.345562732,-72.95645988
696,50,251,3.60282633,-73.89445238,50,3.345562732,-72.95645988
697,50,270,3.706969785,-73.83161892,50,3.345562732,-72.95645988
698,50,287,3.382370124,-73.59625429,50,3.345562732,-72.95645988
699,50,313,3.441051399,-73.7611547,50,3.345562732,-72.95645988
700,50,318,3.947775585,-73.95983864,50,3.345562732,-72.95645988
701,50,325,3.117523361,-71.93805692,50,3.345562732,-72.95645988
702,50,330,3.154771201,-74.12454824,50,3.345562732,-72.95645988
703,50,350,2.161863917,-74.09488076,50,3.345562732,-72.95645988
704,50,370,3.047726858,-74.43066134,50,3.345562732,-72.95645988
705,50,400,3.614714873,-74.09628467,50,3.345562732,-72.95645988
706,50,450,2.752260112,-72.7210941,50,3.345562732,-72.95645988
707,50,568,4.005034467,-71.63157429,50,3.345562732,-72.95645988
708,50,573,4.014298921,-72.64570499,50,3.345562732,-72.95645988
709,50,577,3.193092925,-73.23671436,50,3.345562732,-72.95645988
710,50,590,2.758083657,-73.13780171,50,3.345562732,-72.95645988
711,50,606,4.204310977,-73.50226037,50,3.345562732,-72.95645988
712,50,680,3.84761678,-73.27583401,50,3.345562732,-72.95645988
713,50,683,3.289851171,-73.81635243,50,3.345562732,-72.95645988
714,50,686,4.471346322,-73.66041355,50,3.345562732,-72.95645988
715,50,689,3.515860962,-72.65672742,50,3.345562732,-72.95645988
716,50,711,2.811616698,-73.66652234,50,3.345562732,-72.95645988
717,52,1,1.083605497,-77.20610074,52,1.571094987,-77.87020496
718,52,19,1.469854084,-77.06880947,52,1.571094987,-77.87020496
719,52,22,0.913431916,-77.69538731,52,1.571094987,-77.87020496
720,52,36,1.245254077,-77.53115777,52,1.571094987,-77.87020496
721,52,51,1.480051172,-77.12985001,52,1.571094987,-77.87020496
722,52,79,1.44563774,-78.15621072,52,1.571094987,-77.87020496
723,52,83,1.593645287,-77.01999366,52,1.571094987,-77.87020496
724,52,110,1.315215636,-77.1163664,52,1.571094987,-77.87020496
725,52,203,1.636334379,-77.0473156,52,1.571094987,-77.87020496
726,52,207,1.209066732,-77.44063921,52,1.571094987,-77.87020496
727,52,210,0.932667458,-77.52808731,52,1.571094987,-77.87020496
728,52,215,0.78274688,-77.36805903,52,1.571094987,-77.87020496
729,52,224,0.875426999,-77.73591601,52,1.571094987,-77.87020496
730,52,227,0.944223274,-77.95958446,52,1.571094987,-77.87020496
731,52,233,1.72559011,-77.59281637,52,1.571094987,-77.87020496
732,52,240,1.386497844,-77.26969022,52,1.571094987,-77.87020496
733,52,250,2.216382295,-77.99533234,52,1.571094987,-77.87020496
734,52,254,1.512283967,-77.43050934,52,1.571094987,-77.87020496
735,52,256,1.887689437,-77.48319589,52,1.571094987,-77.87020496
736,52,258,1.409430207,-76.98526959,52,1.571094987,-77.87020496
737,52,260,1.43026376,-77.38311597,52,1.571094987,-77.87020496
738,52,287,0.957786429,-77.39532781,52,1.571094987,-77.87020496
739,52,317,0.975037904,-77.73758941,52,1.571094987,-77.87020496
740,52,320,1.151366658,-77.53011336,52,1.571094987,-77.87020496
741,52,323,0.928642623,-77.58261883,52,1.571094987,-77.87020496
742,52,352,0.980534037,-77.5186573,52,1.571094987,-77.87020496
743,52,354,1.07287697,-77.50150864,52,1.571094987,-77.87020496
744,52,356,0.497708465,-77.24047625,52,1.571094987,-77.87020496
745,52,378,1.584175998,-76.92335262,52,1.571094987,-77.87020496
746,52,381,1.338034371,-77.42293041,52,1.571094987,-77.87020496
747,52,385,1.541847847,-77.61781608,52,1.571094987,-77.87020496
748,52,390,2.56027333,-78.23506694,52,1.571094987,-77.87020496
749,52,399,1.619697376,-77.14284622,52,1.571094987,-77.87020496
750,52,405,1.900862361,-77.31220073,52,1.571094987,-77.87020496
751,52,411,1.395173084,-77.52093774,52,1.571094987,-77.87020496
752,52,418,1.672601269,-77.71054449,52,1.571094987,-77.87020496
753,52,427,1.906858429,-78.04473644,52,1.571094987,-77.87020496
754,52,435,1.155947016,-77.84664646,52,1.571094987,-77.87020496
755,52,473,2.442493698,-78.438827,52,1.571094987,-77.87020496
756,52,480,1.286775273,-77.35220367,52,1.571094987,-77.87020496
757,52,490,2.287856547,-78.31219024,52,1.571094987,-77.87020496
758,52,506,1.029815854,-77.55234944,52,1.571094987,-77.87020496
759,52,520,2.088531925,-78.59193099,52,1.571094987,-77.87020496
760,52,540,1.735354202,-77.48134359,52,1.571094987,-77.87020496
761,52,560,0.785841088,-77.52870407,52,1.571094987,-77.87020496
762,52,565,1.232864821,-77.59844212,52,1.571094987,-77.87020496
763,52,573,0.854351651,-77.35032523,52,1.571094987,-77.87020496
764,52,585,0.916769831,-77.63336954,52,1.571094987,-77.87020496
765,52,612,1.147671848,-78.05811118,52,1.571094987,-77.87020496
766,52,621,1.897581156,-78.3811163,52,1.571094987,-77.87020496
767,52,678,1.430555262,-77.69179559,52,1.571094987,-77.87020496
768,52,683,1.288105409,-77.45670068,52,1.571094987,-77.87020496
769,52,685,1.529782485,-77.02070663,52,1.571094987,-77.87020496
770,52,687,1.542139582,-77.21872693,52,1.571094987,-77.87020496
771,52,693,1.681576627,-76.97527979,52,1.571094987,-77.87020496
772,52,694,1.536823494,-77.10140325,52,1.571094987,-77.87020496
773,52,696,2.494420411,-77.98256461,52,1.571094987,-77.87020496
774,52,699,1.285179376,-77.7445744,52,1.571094987,-77.87020496
775,52,720,1.045287475,-77.71810954,52,1.571094987,-77.87020496
776,52,786,1.591661392,-77.32525316,52,1.571094987,-77.87020496
777,52,788,1.064078111,-77.35063491,52,1.571094987,-77.87020496
778,52,835,1.574550638,-78.61540963,52,1.571094987,-77.87020496
779,52,838,1.134440523,-77.63073238,52,1.571094987,-77.87020496
780,52,885,1.125547916,-77.42467569,52,1.571094987,-77.87020496
781,54,1,8.112041811,-72.48862641,54,8.09513751,-72.88188297
782,54,3,8.019834481,-73.15850485,54,8.09513751,-72.88188297
783,54,51,7.586048164,-72.91705315,54,8.09513751,-72.88188297
784,54,99,7.608509339,-72.65951909,54,8.09513751,-72.88188297
785,54,109,8.079802239,-72.92919926,54,8.09513751,-72.88188297
786,54,125,7.270560088,-72.65212153,54,8.09513751,-72.88188297
787,54,128,7.684188896,-73.12939481,54,8.09513751,-72.88188297
788,54,172,7.583353136,-72.58390978,54,8.09513751,-72.88188297
789,54,174,7.05161677,-72.52544746,54,8.09513751,-72.88188297
790,54,206,8.873159895,-73.20007769,54,8.09513751,-72.88188297
791,54,223,7.502182366,-72.79703447,54,8.09513751,-72.88188297
792,54,239,7.746993206,-72.67208072,54,8.09513751,-72.88188297
793,54,245,8.867990035,-73.34585922,54,8.09513751,-72.88188297
794,54,250,8.678263671,-73.0317597,54,8.09513751,-72.88188297
795,54,261,8.081200092,-72.63152118,54,8.09513751,-72.88188297
796,54,313,7.906522991,-72.80705582,54,8.09513751,-72.88188297
797,54,344,8.361831987,-73.0782633,54,8.09513751,-72.88188297
798,54,347,7.493955781,-72.49269998,54,8.09513751,-72.88188297
799,54,377,7.218372474,-72.48281514,54,8.09513751,-72.88188297
800,54,385,7.695233593,-73.36139672,54,8.09513751,-72.88188297
801,54,398,8.256757875,-73.18789327,54,8.09513751,-72.88188297
802,54,405,7.742291094,-72.52680784,54,8.09513751,-72.88188297
803,54,418,7.963712759,-72.8467029,54,8.09513751,-72.88188297
804,54,480,7.31694997,-72.76834584,54,8.09513751,-72.88188297
805,54,498,8.206637527,-73.33765033,54,8.09513751,-72.88188297
806,54,518,7.379057623,-72.67590348,54,8.09513751,-72.88188297
807,54,520,7.48287886,-72.63515401,54,8.09513751,-72.88188297
808,54,553,8.329138642,-72.41119066,54,8.09513751,-72.88188297
809,54,599,7.595355974,-72.50756622,54,8.09513751,-72.88188297
810,54,660,7.772747824,-72.86769959,54,8.09513751,-72.88188297
811,54,670,8.414441404,-73.2176038,54,8.09513751,-72.88188297
812,54,673,7.847872195,-72.60971203,54,8.09513751,-72.88188297
813,54,680,7.889234454,-72.7182541,54,8.09513751,-72.88188297
814,54,720,8.215080767,-72.79580961,54,8.09513751,-72.88188297
815,54,743,7.180991879,-72.78617884,54,8.09513751,-72.88188297
816,54,800,8.760013794,-73.15714097,54,8.09513751,-72.88188297
817,54,810,8.713507237,-72.79925855,54,8.09513751,-72.88188297
818,54,820,7.225864961,-72.30593418,54,8.09513751,-72.88188297
819,54,871,7.936293173,-72.98759418,54,8.09513751,-72.88188297
820,54,874,7.718635863,-72.48361176,54,8.09513751,-72.88188297
821,63,1,4.499501128,-75.72489985,63,4.455241567,-75.68962853
822,63,111,4.366632382,-75.74403734,63,4.455241567,-75.68962853
823,63,130,4.467879428,-75.65674719,63,4.455241567,-75.68962853
824,63,190,4.604845344,-75.66688449,63,4.455241567,-75.68962853
825,63,212,4.395975176,-75.65132308,63,4.455241567,-75.68962853
826,63,272,4.669325347,-75.67146941,63,4.455241567,-75.68962853
827,63,302,4.180107773,-75.76056695,63,4.455241567,-75.68962853
828,63,401,4.426884849,-75.81927335,63,4.455241567,-75.68962853
829,63,470,4.521890945,-75.81806594,63,4.455241567,-75.68962853
830,63,548,4.30397934,-75.68330417,63,4.455241567,-75.68962853
831,63,594,4.610273497,-75.79205087,63,4.455241567,-75.68962853
832,63,690,4.611314654,-75.53092112,63,4.455241567,-75.68962853
833,66,1,4.803662773,-75.79579093,66,5.240757239,-76.00244469
834,66,45,5.139635357,-75.95353871,66,5.240757239,-76.00244469
835,66,75,4.918349676,-75.94275386,66,5.240757239,-76.00244469
836,66,88,5.200398696,-75.86793893,66,5.240757239,-76.00244469
837,66,170,4.842021144,-75.66993655,66,5.240757239,-76.00244469
838,66,318,5.320295966,-75.80436659,66,5.240757239,-76.00244469
839,66,383,4.988127679,-76.00822678,66,5.240757239,-76.00244469
840,66,400,4.904704187,-75.85208162,66,5.240757239,-76.00244469
841,66,440,4.942936185,-75.7532139,66,5.240757239,-76.00244469
842,66,456,5.414078141,-75.96135387,66,5.240757239,-76.00244469
843,66,572,5.286295408,-76.07359421,66,5.240757239,-76.00244469
844,66,594,5.323906864,-75.71339683,66,5.240757239,-76.00244469
845,66,682,4.833789828,-75.54950174,66,5.240757239,-76.00244469
846,66,687,5.076100313,-76.02286946,66,5.240757239,-76.00244469
847,68,1,7.155833544,-73.11156997,68,6.693633184,-73.48600894
848,68,13,6.182208476,-73.53038541,68,6.693633184,-73.48600894
849,68,20,5.788190519,-73.79236929,68,6.693633184,-73.48600894
850,68,51,6.716766585,-73.01162697,68,6.693633184,-73.48600894
851,68,77,5.955617327,-73.62345229,68,6.693633184,-73.48600894
852,68,79,6.647062543,-73.21518466,68,6.693633184,-73.48600894
853,68,81,7.054074558,-73.78211646,68,6.693633184,-73.48600894
854,68,92,7.033255886,-73.37872388,68,6.693633184,-73.48600894
855,68,101,6.181715586,-73.92065703,68,6.693633184,-73.48600894
856,68,121,6.562543673,-73.25034892,68,6.693633184,-73.48600894
857,68,132,7.331565443,-72.95131825,68,6.693633184,-73.48600894
858,68,147,6.520200095,-72.67435203,68,6.693633184,-73.48600894
859,68,152,6.659675274,-72.56968434,68,6.693633184,-73.48600894
860,68,160,6.752465533,-72.92924629,68,6.693633184,-73.48600894
861,68,162,6.903923173,-72.64536324,68,6.693633184,-73.48600894
862,68,167,6.35099819,-73.06101382,68,6.693633184,-73.48600894
863,68,169,7.282973001,-72.97829057,68,6.693633184,-73.48600894
864,68,176,6.361627641,-73.40172144,68,6.693633184,-73.48600894
865,68,179,6.067944658,-73.63239132,68,6.693633184,-73.48600894
866,68,190,6.40972961,-74.17030427,68,6.693633184,-73.48600894
867,68,207,6.76062337,-72.61815735,68,6.693633184,-73.48600894
868,68,209,6.342314443,-73.25014013,68,6.693633184,-73.48600894
869,68,211,6.303116611,-73.50211527,68,6.693633184,-73.48600894
870,68,217,6.234735779,-72.98176803,68,6.693633184,-73.48600894
871,68,229,6.608966483,-73.05897888,68,6.693633184,-73.48600894
872,68,235,6.664260002,-73.56475288,68,6.693633184,-73.48600894
873,68,245,6.236115743,-73.4977605,68,6.693633184,-73.48600894
874,68,250,6.123389691,-74.00040397,68,6.693633184,-73.48600894
875,68,255,7.524284721,-73.18158192,68,6.693633184,-73.48600894
876,68,264,6.079061224,-73.06206665,68,6.693633184,-73.48600894
877,68,266,6.65824115,-72.68027939,68,6.693633184,-73.48600894
878,68,271,5.801106291,-73.95524931,68,6.693633184,-73.48600894
879,68,276,7.079704598,-73.0679925,68,6.693633184,-73.48600894
880,68,296,6.671810994,-73.32467124,68,6.693633184,-73.48600894
881,68,298,5.924383558,-73.31939934,68,6.693633184,-73.48600894
882,68,307,6.976734127,-73.205267,68,6.693633184,-73.48600894
883,68,318,6.9434341,-72.82369873,68,6.693633184,-73.48600894
884,68,320,6.233278248,-73.40977445,68,6.693633184,-73.48600894
885,68,322,6.319299865,-73.33115275,68,6.693633184,-73.48600894
886,68,324,5.944894844,-73.72173671,68,6.693633184,-73.48600894
887,68,327,6.04656148,-73.57847854,68,6.693633184,-73.48600894
888,68,344,6.559878299,-73.36178841,68,6.693633184,-73.48600894
889,68,368,5.872705896,-73.78997419,68,6.693633184,-73.48600894
890,68,370,6.710814846,-73.1211236,68,6.693633184,-73.48600894
891,68,377,5.895724341,-74.04676575,68,6.693633184,-73.48600894
892,68,385,6.385234814,-73.78760899,68,6.693633184,-73.48600894
893,68,397,6.21737437,-73.62977195,68,6.693633184,-73.48600894
894,68,406,7.204060063,-73.29138097,68,6.693633184,-73.48600894
895,68,418,6.812162934,-73.10785086,68,6.693633184,-73.48600894
896,68,425,6.513745303,-72.58536492,68,6.693633184,-73.48600894
897,68,432,6.720222349,-72.73841091,68,6.693633184,-73.48600894
898,68,444,7.348778319,-73.05438997,68,6.693633184,-73.48600894
899,68,464,6.492532315,-72.95834772,68,6.693633184,-73.48600894
900,68,468,6.643290559,-72.81916274,68,6.693633184,-73.48600894
901,68,498,6.355368858,-73.12211833,68,6.693633184,-73.48600894
902,68,500,6.225596216,-73.27961515,68,6.693633184,-73.48600894
903,68,502,6.335194548,-72.81205838,68,6.693633184,-73.48600894
904,68,522,6.525876964,-73.28247337,68,6.693633184,-73.48600894
905,68,524,6.391750107,-73.28273174,68,6.693633184,-73.48600894
906,68,533,6.416631131,-73.17148232,68,6.693633184,-73.48600894
907,68,547,6.97082104,-73.01481196,68,6.693633184,-73.48600894
908,68,549,6.513892626,-73.17570986,68,6.693633184,-73.48600894
909,68,572,5.831129906,-73.67841815,68,6.693633184,-73.48600894
910,68,573,6.685278856,-73.95761256,68,6.693633184,-73.48600894
911,68,575,7.398198257,-73.8354696,68,6.693633184,-73.48600894
912,68,615,7.474226085,-73.37246417,68,6.693633184,-73.48600894
913,68,655,7.4065422,-73.57131807,68,6.693633184,-73.48600894
914,68,669,6.796483063,-72.81613202,68,6.693633184,-73.48600894
915,68,673,6.076525355,-73.55295302,68,6.693633184,-73.48600894
916,68,679,6.550778765,-73.11887911,68,6.693633184,-73.48600894
917,68,682,6.459879823,-72.85471883,68,6.693633184,-73.48600894
918,68,684,6.629400185,-72.73976423,68,6.693633184,-73.48600894
919,68,686,6.568121541,-72.64322497,68,6.693633184,-73.48600894
920,68,689,6.894292346,-73.53900334,68,6.693633184,-73.48600894
921,68,705,6.988084711,-72.89608933,68,6.693633184,-73.48600894
922,68,720,6.40890734,-73.58206609,68,6.693633184,-73.48600894
923,68,745,6.494231551,-73.45910992,68,6.693633184,-73.48600894
924,68,755,6.462088241,-73.24436001,68,6.693633184,-73.48600894
925,68,770,6.101499739,-73.36225795,68,6.693633184,-73.48600894
926,68,773,5.983203734,-73.95936235,68,6.693633184,-73.48600894
927,68,780,7.475402063,-72.98779966,68,6.693633184,-73.48600894
928,68,820,7.170891099,-72.93970443,68,6.693633184,-73.48600894
929,68,855,6.434578919,-73.10997171,68,6.693633184,-73.48600894
930,68,861,6.00741043,-73.69057256,68,6.693633184,-73.48600894
931,68,867,7.322219563,-72.88156901,68,6.693633184,-73.48600894
932,68,872,6.685867326,-73.16396916,68,6.693633184,-73.48600894
933,68,895,6.813725566,-73.30975044,68,6.693633184,-73.48600894
934,70,1,9.316673928,-75.43174967,70,9.064941448,-75.10981755
935,70,110,9.314972282,-74.98014057,70,9.064941448,-75.10981755
936,70,124,8.792311599,-75.13191063,70,9.064941448,-75.10981755
937,70,204,9.494043427,-75.34528693,70,9.064941448,-75.10981755
938,70,215,9.160624283,-75.23858178,70,9.064941448,-75.10981755
939,70,221,9.394449802,-75.6574915,70,9.064941448,-75.10981755
940,70,230,9.569584598,-75.32420908,70,9.064941448,-75.10981755
941,70,233,9.036231591,-75.14575038,70,9.064941448,-75.10981755
942,70,235,9.135169096,-74.98134706,70,9.064941448,-75.10981755
943,70,265,8.337828523,-74.68734926,70,9.064941448,-75.10981755
944,70,400,8.811997799,-75.28322212,70,9.064941448,-75.10981755
945,70,418,9.422380117,-75.21302191,70,9.064941448,-75.10981755
946,70,429,8.546148134,-74.71037883,70,9.064941448,-75.10981755
947,70,473,9.392496685,-75.32718744,70,9.064941448,-75.10981755
948,70,508,9.549655271,-75.18855916,70,9.064941448,-75.10981755
949,70,523,9.334940293,-75.56199027,70,9.064941448,-75.10981755
950,70,670,9.165188649,-75.36027422,70,9.064941448,-75.10981755
951,70,678,8.835634919,-74.96469398,70,9.064941448,-75.10981755
952,70,702,9.292019071,-75.21363579,70,9.064941448,-75.10981755
953,70,708,8.589220102,-75.17249955,70,9.064941448,-75.10981755
954,70,713,9.814599536,-75.50522919,70,9.064941448,-75.10981755
955,70,717,9.396835638,-75.03741815,70,9.064941448,-75.10981755
956,70,742,9.256299047,-75.09397089,70,9.064941448,-75.10981755
957,70,771,8.814333477,-74.74753131,70,9.064941448,-75.10981755
958,70,820,9.533810567,-75.53543469,70,9.064941448,-75.10981755
959,70,823,9.490297716,-75.44451115,70,9.064941448,-75.10981755
960,73,1,4.451921427,-75.252591,73,4.03477252,-75.2558271
961,73,24,3.390015064,-74.94078233,73,4.03477252,-75.2558271
962,73,26,4.582625784,-74.98630686,73,4.03477252,-75.2558271
963,73,30,4.803365246,-74.80998676,73,4.03477252,-75.2558271
964,73,43,4.623390454,-75.20165423,73,4.03477252,-75.2558271
965,73,55,5.006758956,-74.84750095,73,4.03477252,-75.2558271
966,73,67,3.37749064,-75.61373257,73,4.03477252,-75.2558271
967,73,124,4.406971283,-75.49745918,73,4.03477252,-75.2558271
968,73,148,4.123416795,-74.74700246,73,4.03477252,-75.2558271
969,73,152,5.007003948,-75.19457703,73,4.03477252,-75.2558271
970,73,168,3.743693084,-75.58986634,73,4.03477252,-75.2558271
971,73,200,4.315603867,-74.91470256,73,4.03477252,-75.2558271
972,73,217,3.775490271,-75.14720213,73,4.03477252,-75.2558271
973,73,226,3.98252395,-74.68936908,73,4.03477252,-75.2558271
974,73,236,3.597863274,-74.80256674,73,4.03477252,-75.2558271
975,73,268,4.166476969,-74.89352941,73,4.03477252,-75.2558271
976,73,270,5.079256598,-74.95703372,73,4.03477252,-75.2558271
977,73,275,4.242813257,-74.83708638,73,4.03477252,-75.2558271
978,73,283,5.186694812,-75.05228995,73,4.03477252,-75.2558271
979,73,319,4.076501341,-74.97657287,73,4.03477252,-75.2558271
980,73,347,5.068553783,-75.24322959,73,4.03477252,-75.2558271
981,73,349,5.179416561,-74.78303094,73,4.03477252,-75.2558271
982,73,352,4.133276369,-74.53964257,73,4.03477252,-75.2558271
983,73,408,4.866034592,-74.92337178,73,4.03477252,-75.2558271
984,73,411,4.877936755,-75.04763076,73,4.03477252,-75.2558271
985,73,443,5.235322593,-74.90668089,73,4.03477252,-75.2558271
986,73,449,4.193215498,-74.60517497,73,4.03477252,-75.2558271
987,73,461,4.826734468,-75.21993987,73,4.03477252,-75.2558271
988,73,483,3.540518203,-75.12200999,73,4.03477252,-75.2558271
989,73,504,3.937793962,-75.27824314,73,4.03477252,-75.2558271
990,73,520,5.094035737,-75.0184505,73,4.03477252,-75.2558271
991,73,547,4.433764446,-74.99879938,73,4.03477252,-75.2558271
992,73,555,3.09897343,-75.81684413,73,4.03477252,-75.2558271
993,73,563,3.729166649,-74.87247706,73,4.03477252,-75.2558271
994,73,585,3.854281614,-74.87451155,73,4.03477252,-75.2558271
995,73,616,3.468077548,-75.85481103,73,4.03477252,-75.2558271
996,73,622,4.097861181,-75.59428027,73,4.03477252,-75.2558271
997,73,624,4.216730954,-75.34758364,73,4.03477252,-75.2558271
998,73,671,3.912542787,-75.01859762,73,4.03477252,-75.2558271
999,73,675,3.926088268,-75.50991004,73,4.03477252,-75.2558271
1000,73,678,4.057271684,-75.16320806,73,4.03477252,-75.2558271
1001,73,686,4.740827622,-75.20069946,73,4.03477252,-75.2558271
1002,73,770,3.969210629,-74.84448738,73,4.03477252,-75.2558271
1003,73,854,4.182125647,-75.17148237,73,4.03477252,-75.2558271
1004,73,861,4.70988172,-74.92089886,73,4.03477252,-75.2558271
1005,73,870,4.965753461,-75.15592969,73,4.03477252,-75.2558271
1006,73,873,3.854384097,-74.61896623,73,4.03477252,-75.2558271
1007,76,1,3.399043723,-76.57649259,76,3.569858693,-76.62850427
1008,76,20,4.6788971,-75.78297932,76,3.569858693,-76.62850427
1009,76,36,4.153314228,-76.16063341,76,3.569858693,-76.62850427
1010,76,41,4.795927292,-76.02963049,76,3.569858693,-76.62850427
1011,76,54,4.704287864,-76.14164999,76,3.569858693,-76.62850427
1012,76,100,4.393118861,-76.34982039,76,3.569858693,-76.62850427
1013,76,109,3.493340766,-77.11872832,76,3.569858693,-76.62850427
1014,76,111,3.819854318,-75.98312419,76,3.569858693,-76.62850427
1015,76,113,4.196852991,-76.0896103,76,3.569858693,-76.62850427
1016,76,122,4.308997973,-75.83672567,76,3.569858693,-76.62850427
1017,76,126,3.923271619,-76.64260484,76,3.569858693,-76.62850427
1018,76,130,3.382091564,-76.38317663,76,3.569858693,-76.62850427
1019,76,147,4.70684716,-75.91790846,76,3.569858693,-76.62850427
1020,76,233,3.649822218,-76.72039347,76,3.569858693,-76.62850427
1021,76,243,4.917562873,-76.06601001,76,3.569858693,-76.62850427
1022,76,246,4.756063701,-76.21502826,76,3.569858693,-76.62850427
1023,76,248,3.656072873,-76.30841784,76,3.569858693,-76.62850427
1024,76,250,4.539979729,-76.28762701,76,3.569858693,-76.62850427
1025,76,275,3.304104295,-76.16477307,76,3.569858693,-76.62850427
1026,76,306,3.74410441,-76.19082004,76,3.569858693,-76.62850427
1027,76,318,3.759414991,-76.34518277,76,3.569858693,-76.62850427
1028,76,364,3.213892389,-76.62760418,76,3.569858693,-76.62850427
1029,76,377,3.694303106,-76.58989905,76,3.569858693,-76.62850427
1030,76,400,4.537937391,-76.10328983,76,3.569858693,-76.62850427
1031,76,403,4.483511142,-75.96677303,76,3.569858693,-76.62850427
1032,76,497,4.597588666,-75.9491997,76,3.569858693,-76.62850427
1033,76,520,3.558392876,-76.22779972,76,3.569858693,-76.62850427
1034,76,563,3.42063665,-76.17841841,76,3.569858693,-76.62850427
1035,76,606,3.806494973,-76.53489853,76,3.569858693,-76.62850427
1036,76,616,4.109500298,-76.37105443,76,3.569858693,-76.62850427
1037,76,622,4.443571848,-76.16824249,76,3.569858693,-76.62850427
1038,76,670,3.98143244,-76.20836168,76,3.569858693,-76.62850427
1039,76,736,4.193411919,-75.88818163,76,3.569858693,-76.62850427
1040,76,823,4.638421279,-76.08106176,76,3.569858693,-76.62850427
1041,76,828,4.233268116,-76.34292699,76,3.569858693,-76.62850427
1042,76,834,4.02840797,-76.03250379,76,3.569858693,-76.62850427
1043,76,845,4.707718947,-75.77835903,76,3.569858693,-76.62850427
1044,76,863,4.644242641,-76.25924483,76,3.569858693,-76.62850427
1045,76,869,3.74365889,-76.47064718,76,3.569858693,-76.62850427
1046,76,890,3.904130354,-76.39080435,76,3.569858693,-76.62850427
1047,76,892,3.595913669,-76.5109879,76,3.569858693,-76.62850427
1048,76,895,4.35359875,-76.05065336,76,3.569858693,-76.62850427
1049,81,1,6.796280825,-70.50921153,81,6.569577215,-70.96732394
1050,81,65,6.799338394,-71.29827429,81,6.569577215,-70.96732394
1051,81,220,6.39654349,-70.07381197,81,6.569577215,-70.96732394
1052,81,300,6.750907234,-71.79124241,81,6.569577215,-70.96732394
1053,81,591,6.411761829,-70.96678964,81,6.569577215,-70.96732394
1054,81,736,6.906941714,-71.85070757,81,6.569577215,-70.96732394
1055,81,794,6.390650479,-71.79178647,81,6.569577215,-70.96732394
1056,85,1,5.242744761,-72.25802857,85,5.404064237,-71.60188073
1057,85,10,5.126121886,-72.54821017,85,5.404064237,-71.60188073
1058,85,15,5.228453404,-72.86496804,85,5.404064237,-71.60188073
1059,85,125,6.03948032,-71.52445752,85,5.404064237,-71.60188073
1060,85,136,6.178282373,-72.34693377,85,5.404064237,-71.60188073
1061,85,139,4.675769488,-72.21280273,85,5.404064237,-71.60188073
1062,85,162,4.841308642,-72.8473434,85,5.404064237,-71.60188073
1063,85,225,5.529181235,-72.09251937,85,5.404064237,-71.60188073
1064,85,230,4.915139133,-71.59873966,85,5.404064237,-71.60188073
1065,85,250,5.779915281,-70.86947037,85,5.404064237,-71.60188073
1066,85,263,5.663194953,-71.92580806,85,5.404064237,-71.60188073
1067,85,279,5.263068507,-72.77081831,85,5.404064237,-71.60188073
1068,85,300,4.81119011,-72.99580655,85,5.404064237,-71.60188073
1069,85,315,6.049906435,-72.21076163,85,5.404064237,-71.60188073
1070,85,325,5.274955665,-71.81749276,85,5.404064237,-71.60188073
1071,85,400,5.878927424,-72.20067822,85,5.404064237,-71.60188073
1072,85,410,4.697463691,-72.62922436,85,5.404064237,-71.60188073
1073,85,430,5.354527091,-71.25479519,85,5.404064237,-71.60188073
1074,85,440,4.528307719,-72.82314281,85,5.404064237,-71.60188073
1075,86,1,1.26070915,-76.66584349,86,0.3673031,-75.51406183
1076,86,219,1.204815876,-76.97376805,86,0.3673031,-75.51406183
1077,86,320,0.673756323,-76.94313923,86,0.3673031,-75.51406183
1078,86,568,0.433884539,-76.52158203,86,0.3673031,-75.51406183
1079,86,569,0.70416861,-76.49864415,86,0.3673031,-75.51406183
1080,86,571,0.746432215,-75.88022979,86,0.3673031,-75.51406183
1081,86,573,0.05947197,-75.06479327,86,0.3673031,-75.51406183
1082,86,749,1.228746922,-76.91307585,86,0.3673031,-75.51406183
1083,86,755,1.136071096,-76.84726661,86,0.3673031,-75.51406183
1084,86,757,0.272449048,-76.84510459,86,0.3673031,-75.51406183
1085,86,760,1.036021482,-76.97751684,86,0.3673031,-75.51406183
1086,86,865,0.42012589,-76.77067026,86,0.3673031,-75.51406183
1087,86,885,0.911149515,-76.74495447,86,0.3673031,-75.51406183
1088,88,1,12.54311512,-81.71762382,88,12.54311512,-81.71762382
1089,88,564,13.3511096,-81.37388549,88,12.54311512,-81.71762382
1090,91,1,-3.530058784,-70.04513691,91,-1.54622768,-71.50212858
1091,91,263,-1.997234795,-72.72361566,91,-1.54622768,-71.50212858
1092,91,405,-1.509799605,-72.44442966,91,-1.54622768,-71.50212858
1093,91,407,-1.550256503,-69.94602815,91,-1.54622768,-71.50212858
1094,91,430,-0.125016381,-71.10487805,91,-1.54622768,-71.50212858
1095,91,460,-0.687037553,-71.1855046,91,-1.54622768,-71.50212858
1096,91,530,-0.952145073,-73.75722748,91,-1.54622768,-71.50212858
1097,91,536,-1.91085406,-71.1484049,91,-1.54622768,-71.50212858
1098,91,540,-3.631323222,-70.47199039,91,-1.54622768,-71.50212858
1099,91,669,-1.101032624,-71.93893358,91,-1.54622768,-71.50212858
1100,91,798,-2.451794264,-70.00651535,91,-1.54622768,-71.50212858
1101,94,1,3.516363079,-68.00834728,94,2.727842865,-68.81661272
1102,94,343,3.140558454,-69.69713423,94,2.727842865,-68.81661272
1103,94,883,2.312179782,-67.52060569,94,2.727842865,-68.81661272
1104,94,884,2.582829542,-68.25799033,94,2.727842865,-68.81661272
1105,94,885,1.404540273,-67.001518,94,2.727842865,-68.81661272
1106,94,886,3.38616245,-67.58507998,94,2.727842865,-68.81661272
1107,94,887,1.981055294,-69.11440036,94,2.727842865,-68.81661272
1108,94,888,2.421444806,-69.84001585,94,2.727842865,-68.81661272
1109,95,1,2.484286091,-71.91916993,95,1.924531973,-72.12859569
1110,95,15,1.613634284,-73.0342639,95,1.924531973,-72.12859569
1111,95,25,2.143447362,-72.24364869,95,1.924531973,-72.12859569
1112,95,200,1.363974932,-72.01810951,95,1.924531973,-72.12859569
1113,97,1,1.06148231,-70.46688401,97,0.64624561,-70.56140566
1114,97,161,1.052762314,-71.33093035,97,0.64624561,-70.56140566
1115,97,511,-0.00834364,-70.5433061,97,0.64624561,-70.56140566
1116,97,666,-0.719822209,-69.90776202,97,0.64624561,-70.56140566
1117,97,777,1.569312273,-70.91166315,97,0.64624561,-70.56140566
1118,97,889,0.833312241,-69.61867754,97,0.64624561,-70.56140566
1119,99,1,5.836529669,-68.14122234,99,4.713557125,-69.41400011
1120,99,524,5.517593607,-69.62044054,99,4.713557125,-69.41400011
1121,99,624,4.968581012,-70.65997097,99,4.713557125,-69.41400011
1122,99,773,4.262454746,-69.52140484,99,4.713557125,-69.41400011
